,ProfLinks,DescriptionText,KwMult,KwNorm
0,Диетолог,"Дието́лог — специалист в области диетологии, соответствующий академическим и профессиональным требованиям. Врач-диетолог является дипломированным врачом, закончившим медицинский вуз и получившим затем дополнительное образование по диетологии, подтвержденное соответствующим дипломом. Является экспертом в области питания. Врачи-диетологи  занимаются лечением ожирения, а также дают рекомендации пациентам по вопросам правильного питания, ведения здорового образа жизни, либо ставят цели для достижения определённых результатов, связанных со здоровьем.","{'диет': 0.10953762723139249, 'лог': 0.015648232461627498, 'специалист': 0.0060854237350773605, 'област': 0.024341694940309442, 'диетолог': 0.10953762723139249, 'соответств': 0.043815050892556995, 'академическ': 0.10953762723139249, 'профессиональн': 0.054768813615696244, 'требован': 0.10953762723139249, 'врач': 0.00864770741300467, 'явля': 0.027384406807848122, 'дипломирова': 0.10953762723139249, 'медицинск': 0.0036512542410464164, 'вуз': 0.10953762723139249, 'зат': 0.10953762723139249, 'дополнительн': 0.10953762723139249, 'образован': 0.006443389837140734, 'эксперт': 0.054768813615696244, 'питан': 0.10953762723139249, 'занима': 0.013692203403924061, 'лечен': 0.012170847470154721, 'ожирен': 0.10953762723139249, 'такж': 0.021907525446278497, 'рекомендац': 0.10953762723139249, 'пациент': 0.015648232461627498, 'вопрос': 0.036512542410464165, 'правильн': 0.10953762723139249, 'веден': 0.10953762723139249, 'здоров': 0.07302508482092833, 'образ': 0.10953762723139249, 'жизн': 0.054768813615696244, 'либ': 0.054768813615696244, 'став': 0.10953762723139249, 'цел': 0.054768813615696244, 'достижен': 0.10953762723139249, 'определен': 0.036512542410464165, 'результат': 0.10953762723139249}","{'диет': 0.04414223544119972, 'лог': 0.006306033634457102, 'специалист': 0.002452346413399984, 'област': 0.009809385653599937, 'диетолог': 0.04414223544119972, 'соответств': 0.017656894176479886, 'академическ': 0.04414223544119972, 'профессиональн': 0.02207111772059986, 'требован': 0.04414223544119972, 'врач': 0.0034849133243052407, 'явля': 0.01103555886029993, 'дипломирова': 0.04414223544119972, 'медицинск': 0.0014714078480399905, 'вуз': 0.04414223544119972, 'зат': 0.04414223544119972, 'дополнительн': 0.04414223544119972, 'образован': 0.0025966020847764536, 'эксперт': 0.02207111772059986, 'питан': 0.04414223544119972, 'занима': 0.005517779430149965, 'лечен': 0.004904692826799968, 'ожирен': 0.04414223544119972, 'такж': 0.008828447088239943, 'рекомендац': 0.04414223544119972, 'пациент': 0.006306033634457102, 'вопрос': 0.014714078480399906, 'правильн': 0.04414223544119972, 'веден': 0.04414223544119972, 'здоров': 0.02942815696079981, 'образ': 0.04414223544119972, 'жизн': 0.02207111772059986, 'либ': 0.02207111772059986, 'став': 0.04414223544119972, 'цел': 0.02207111772059986, 'достижен': 0.04414223544119972, 'определен': 0.014714078480399906, 'результат': 0.04414223544119972}"
2,Акушерка,"Акуше́рка (фр. accoucher — помогать при родах[1]) — средний медицинский работник, специалист в акушерстве, оказывающий помощь беременным и роженицам (во время родов). В России для работы акушеркой необходимо получить среднее специальное образование по специальности «Медико-акушерское дело». Квалификации: «акушер(ка)», «фельдшер-акушер». Не следует путать с врачом акушер-гинекологом (высшее медицинское образование).","{'специалист': 0.0060854237350773605, 'врач': 0.0028825691376682234, 'медицинск': 0.007302508482092833, 'образован': 0.012886779674281468, '1': 0.007302508482092833, 'акуш': 0.054768813615696244, 'рка': 0.054768813615696244, 'фр': 0.10953762723139249, 'accoucher': 0.10953762723139249, 'помога': 0.10953762723139249, 'род': 0.054768813615696244, 'средн': 0.027384406807848122, 'работник': 0.036512542410464165, 'акушерств': 0.054768813615696244, 'оказыва': 0.054768813615696244, 'помощ': 0.018256271205232082, 'беремен': 0.054768813615696244, 'рожениц': 0.10953762723139249, 'врем': 0.027384406807848122, 'росс': 0.027384406807848122, 'работ': 0.036512542410464165, 'акушерк': 0.10953762723139249, 'необходим': 0.054768813615696244, 'специальн': 0.021907525446278497, 'медик': 0.018256271205232082, 'акушерск': 0.10953762723139249, 'дел': 0.036512542410464165, 'квалификац': 0.054768813615696244, 'акушер': 0.08215322042354437, 'ка': 0.10953762723139249, 'фельдшер': 0.10953762723139249, 'пута': 0.036512542410464165, 'гинеколог': 0.054768813615696244}","{'специалист': 0.0034294572326509795, 'врач': 0.0016244797417820428, 'медицинск': 0.004115348679181175, 'образован': 0.007262380022084427, '1': 0.004115348679181175, 'акуш': 0.030865115093858815, 'рка': 0.030865115093858815, 'фр': 0.06173023018771763, 'accoucher': 0.06173023018771763, 'помога': 0.06173023018771763, 'род': 0.030865115093858815, 'средн': 0.015432557546929408, 'работник': 0.02057674339590588, 'акушерств': 0.030865115093858815, 'оказыва': 0.030865115093858815, 'помощ': 0.01028837169795294, 'беремен': 0.030865115093858815, 'рожениц': 0.06173023018771763, 'врем': 0.015432557546929408, 'росс': 0.015432557546929408, 'работ': 0.02057674339590588, 'акушерк': 0.06173023018771763, 'необходим': 0.030865115093858815, 'специальн': 0.012346046037543525, 'медик': 0.01028837169795294, 'акушерск': 0.06173023018771763, 'дел': 0.02057674339590588, 'квалификац': 0.030865115093858815, 'акушер': 0.04629767264078822, 'ка': 0.06173023018771763, 'фельдшер': 0.06173023018771763, 'пута': 0.02057674339590588, 'гинеколог': 0.030865115093858815}"
6,Психиатр,"Психиа́тр (др.-греч. ψυχή — душа; ἰατρός — врач) — специалист с высшим образованием в области психиатрии, области медицины, изучающей психические расстройства. В отличие от психологов, не всегда являющихся врачами, психиатры занимаются оценкой симптомов пациентов для определения их следствия из психофизической и физической болезней.","{'специалист': 0.0060854237350773605, 'област': 0.024341694940309442, 'врач': 0.005765138275336447, 'явля': 0.013692203403924061, 'образован': 0.006443389837140734, 'занима': 0.013692203403924061, 'пациент': 0.015648232461627498, 'определен': 0.036512542410464165, 'тр': 0.054768813615696244, 'др': 0.027384406807848122, 'греч': 0.027384406807848122, 'псих': 0.10953762723139249, 'ψυχή': 0.10953762723139249, 'душ': 0.10953762723139249, 'ἰατρός': 0.10953762723139249, 'психиатр': 0.07302508482092833, 'медицин': 0.036512542410464165, 'изуча': 0.10953762723139249, 'психическ': 0.054768813615696244, 'расстройств': 0.10953762723139249, 'отлич': 0.054768813615696244, 'психолог': 0.10953762723139249, 'всегд': 0.10953762723139249, 'оценк': 0.10953762723139249, 'их': 0.10953762723139249, 'следств': 0.054768813615696244, 'психофизическ': 0.10953762723139249, 'физическ': 0.10953762723139249, 'болезн': 0.054768813615696244}","{'специалист': 0.00324593522342184, 'област': 0.01298374089368736, 'врач': 0.0030750965274522696, 'явля': 0.00730335425269914, 'образован': 0.0034368725895054775, 'занима': 0.00730335425269914, 'пациент': 0.008346690574513302, 'определен': 0.01947561134053104, 'тр': 0.02921341701079656, 'др': 0.01460670850539828, 'греч': 0.01460670850539828, 'псих': 0.05842683402159312, 'ψυχή': 0.05842683402159312, 'душ': 0.05842683402159312, 'ἰατρός': 0.05842683402159312, 'психиатр': 0.03895122268106208, 'медицин': 0.01947561134053104, 'изуча': 0.05842683402159312, 'психическ': 0.02921341701079656, 'расстройств': 0.05842683402159312, 'отлич': 0.02921341701079656, 'психолог': 0.05842683402159312, 'всегд': 0.05842683402159312, 'оценк': 0.05842683402159312, 'их': 0.05842683402159312, 'следств': 0.02921341701079656, 'психофизическ': 0.05842683402159312, 'физическ': 0.05842683402159312, 'болезн': 0.02921341701079656}"
7,Хирург,"Хиру́рг (др.-греч. χερί — рука + др.-греч. ἔργον — работа, действие) — врач-специалист, получивший подготовку по методам диагностики и хирургического лечения заболеваний и травм[1].","{'специалист': 0.0060854237350773605, 'врач': 0.0028825691376682234, 'лечен': 0.012170847470154721, '1': 0.007302508482092833, 'работ': 0.036512542410464165, 'др': 0.054768813615696244, 'греч': 0.054768813615696244, 'хир': 0.10953762723139249, 'рг': 0.10953762723139249, 'χερί': 0.10953762723139249, 'рук': 0.10953762723139249, 'ἔργον': 0.10953762723139249, 'действ': 0.054768813615696244, 'подготовк': 0.036512542410464165, 'метод': 0.10953762723139249, 'диагностик': 0.027384406807848122, 'хирургическ': 0.10953762723139249, 'заболеван': 0.018256271205232082, 'травм': 0.036512542410464165}","{'специалист': 0.0054592994856765215, 'врач': 0.0025859839668994048, 'лечен': 0.010918598971353043, '1': 0.0065511593828118265, 'работ': 0.03275579691405913, 'др': 0.04913369537108869, 'греч': 0.04913369537108869, 'хир': 0.09826739074217739, 'рг': 0.09826739074217739, 'χερί': 0.09826739074217739, 'рук': 0.09826739074217739, 'ἔργον': 0.09826739074217739, 'действ': 0.04913369537108869, 'подготовк': 0.03275579691405913, 'метод': 0.09826739074217739, 'диагностик': 0.024566847685544346, 'хирургическ': 0.09826739074217739, 'заболеван': 0.016377898457029565, 'травм': 0.03275579691405913}"
8,Отоневролог,"Отоневролог - это врач, который специализируется на нарушениях вестибулярного аппарата, появившихся в следствие воспалительного процесса головного мозга, черепно-мозговой травмы или заболеваний.","{'врач': 0.0028825691376682234, 'ил': 0.007302508482092833, 'котор': 0.018256271205232082, 'следств': 0.054768813615696244, 'заболеван': 0.018256271205232082, 'травм': 0.036512542410464165, 'отоневролог': 0.10953762723139249, 'эт': 0.036512542410464165, 'нарушен': 0.054768813615696244, 'вестибулярн': 0.10953762723139249, 'аппарат': 0.10953762723139249, 'воспалительн': 0.10953762723139249, 'процесс': 0.036512542410464165, 'головн': 0.027384406807848122, 'мозг': 0.027384406807848122, 'черепн': 0.10953762723139249, 'мозгов': 0.10953762723139249}","{'врач': 0.0029481132075471696, 'ил': 0.007468553459119496, 'котор': 0.01867138364779874, 'следств': 0.05601415094339622, 'заболеван': 0.01867138364779874, 'травм': 0.03734276729559748, 'отоневролог': 0.11202830188679244, 'эт': 0.03734276729559748, 'нарушен': 0.05601415094339622, 'вестибулярн': 0.11202830188679244, 'аппарат': 0.11202830188679244, 'воспалительн': 0.11202830188679244, 'процесс': 0.03734276729559748, 'головн': 0.02800707547169811, 'мозг': 0.02800707547169811, 'черепн': 0.11202830188679244, 'мозгов': 0.11202830188679244}"
9,Физиотерапевт,"Физиотерапе́вт — специалист с профессиональным образованием, который восстанавливает или сохраняет нарушенную двигательную способность и дееспособность пациента.","{'специалист': 0.0060854237350773605, 'профессиональн': 0.054768813615696244, 'образован': 0.006443389837140734, 'пациент': 0.015648232461627498, 'ил': 0.007302508482092833, 'котор': 0.018256271205232082, 'нарушен': 0.054768813615696244, 'физиотерап': 0.10953762723139249, 'вт': 0.10953762723139249, 'восстанавлива': 0.10953762723139249, 'сохраня': 0.10953762723139249, 'двигательн': 0.10953762723139249, 'способн': 0.10953762723139249, 'дееспособн': 0.10953762723139249}","{'специалист': 0.0065432071612378205, 'профессиональн': 0.05888886445114039, 'образован': 0.006928101700134162, 'пациент': 0.016825389843182968, 'ил': 0.007851848593485386, 'котор': 0.019629621483713465, 'нарушен': 0.05888886445114039, 'физиотерап': 0.11777772890228078, 'вт': 0.11777772890228078, 'восстанавлива': 0.11777772890228078, 'сохраня': 0.11777772890228078, 'двигательн': 0.11777772890228078, 'способн': 0.11777772890228078, 'дееспособн': 0.11777772890228078}"
10,Зубной техник,"Зубной техник — одна из профессий в современной стоматологии, входит в понятие дантист. Зубных техников часто путают с зубными врачами или стоматологами. Однако в отличие от стоматологов или зубных врачей, зубной техник не встречается с пациентами. Иногда в исключительных случаях такая встреча бывает необходима. Чаще всего пациенты стоматологических клиник попадают в зуботехническую лабораторию для коррекции цвета зубных протезов, для замены матриц аттачменов в бюгельных протезах или для починки съёмного протеза.","{'врач': 0.005765138275336447, 'пациент': 0.031296464923254996, 'ил': 0.021907525446278497, 'необходим': 0.054768813615696244, 'пута': 0.036512542410464165, 'част': 0.036512542410464165, 'отлич': 0.054768813615696244, 'зубн': 0.09388939476976499, 'техник': 0.10953762723139249, 'професс': 0.054768813615696244, 'современ': 0.054768813615696244, 'стоматолог': 0.08215322042354437, 'вход': 0.036512542410464165, 'понят': 0.10953762723139249, 'дантист': 0.10953762723139249, 'однак': 0.10953762723139249, 'встреча': 0.10953762723139249, 'иногд': 0.054768813615696244, 'исключительн': 0.10953762723139249, 'случа': 0.036512542410464165, 'встреч': 0.10953762723139249, 'быва': 0.10953762723139249, 'стоматологическ': 0.10953762723139249, 'клиник': 0.10953762723139249, 'попада': 0.10953762723139249, 'зуботехническ': 0.10953762723139249, 'лаборатор': 0.10953762723139249, 'коррекц': 0.10953762723139249, 'цвет': 0.10953762723139249, 'протез': 0.10953762723139249, 'зам': 0.10953762723139249, 'матриц': 0.10953762723139249, 'аттачмен': 0.10953762723139249, 'бюгельн': 0.10953762723139249, 'починк': 0.10953762723139249, 'съемн': 0.10953762723139249}","{'врач': 0.0018811220445109293, 'пациент': 0.010211805384487902, 'ил': 0.007148263769141531, 'необходим': 0.01787065942285383, 'пута': 0.01191377294856922, 'част': 0.01191377294856922, 'отлич': 0.01787065942285383, 'зубн': 0.030635416153463706, 'техник': 0.03574131884570766, 'професс': 0.01787065942285383, 'современ': 0.01787065942285383, 'стоматолог': 0.02680598913428074, 'вход': 0.01191377294856922, 'понят': 0.03574131884570766, 'дантист': 0.03574131884570766, 'однак': 0.03574131884570766, 'встреча': 0.03574131884570766, 'иногд': 0.01787065942285383, 'исключительн': 0.03574131884570766, 'случа': 0.01191377294856922, 'встреч': 0.03574131884570766, 'быва': 0.03574131884570766, 'стоматологическ': 0.03574131884570766, 'клиник': 0.03574131884570766, 'попада': 0.03574131884570766, 'зуботехническ': 0.03574131884570766, 'лаборатор': 0.03574131884570766, 'коррекц': 0.03574131884570766, 'цвет': 0.03574131884570766, 'протез': 0.03574131884570766, 'зам': 0.03574131884570766, 'матриц': 0.03574131884570766, 'аттачмен': 0.03574131884570766, 'бюгельн': 0.03574131884570766, 'починк': 0.03574131884570766, 'съемн': 0.03574131884570766}"
12,Акушер-гинеколог,"Акуше́р-гинеко́лог — врач специалист, получивший специальную подготовку по вопросам акушерства и гинекологии, профилактики и лечения гинекологической патологии, медицинского наблюдения за течением беременности, оказания врачебной помощи в процессе родов и в послеродовом периоде[1]. В двух словах, врач, контролирующий процесс вынашивания и рождения ребёнка и несущий ответственность за здоровье плода и его мамы.","{'лог': 0.015648232461627498, 'специалист': 0.0060854237350773605, 'врач': 0.005765138275336447, 'медицинск': 0.0036512542410464164, 'лечен': 0.012170847470154721, 'вопрос': 0.036512542410464165, 'здоров': 0.036512542410464165, '1': 0.007302508482092833, 'акуш': 0.054768813615696244, 'род': 0.027384406807848122, 'акушерств': 0.054768813615696244, 'помощ': 0.018256271205232082, 'беремен': 0.054768813615696244, 'специальн': 0.010953762723139249, 'гинеколог': 0.054768813615696244, 'подготовк': 0.036512542410464165, 'процесс': 0.07302508482092833, 'р': 0.054768813615696244, 'гинек': 0.10953762723139249, 'профилактик': 0.054768813615696244, 'гинекологическ': 0.10953762723139249, 'патолог': 0.054768813615696244, 'наблюден': 0.10953762723139249, 'течен': 0.10953762723139249, 'оказан': 0.036512542410464165, 'врачебн': 0.018256271205232082, 'послеродов': 0.10953762723139249, 'период': 0.10953762723139249, 'слов': 0.10953762723139249, 'вынашиван': 0.10953762723139249, 'рожден': 0.10953762723139249, 'несущ': 0.10953762723139249, 'ответствен': 0.054768813615696244, 'плод': 0.10953762723139249, 'ег': 0.10953762723139249, 'мам': 0.10953762723139249}","{'лог': 0.007091272136898872, 'специалист': 0.002757716942127339, 'врач': 0.0026125739451732686, 'медицинск': 0.0016546301652764035, 'лечен': 0.005515433884254678, 'вопрос': 0.016546301652764037, 'здоров': 0.016546301652764037, '1': 0.003309260330552807, 'акуш': 0.02481945247914605, 'род': 0.012409726239573026, 'акушерств': 0.02481945247914605, 'помощ': 0.008273150826382018, 'беремен': 0.02481945247914605, 'специальн': 0.0049638904958292105, 'гинеколог': 0.02481945247914605, 'подготовк': 0.016546301652764037, 'процесс': 0.03309260330552807, 'р': 0.02481945247914605, 'гинек': 0.0496389049582921, 'профилактик': 0.02481945247914605, 'гинекологическ': 0.0496389049582921, 'патолог': 0.02481945247914605, 'наблюден': 0.0496389049582921, 'течен': 0.0496389049582921, 'оказан': 0.016546301652764037, 'врачебн': 0.008273150826382018, 'послеродов': 0.0496389049582921, 'период': 0.0496389049582921, 'слов': 0.0496389049582921, 'вынашиван': 0.0496389049582921, 'рожден': 0.0496389049582921, 'несущ': 0.0496389049582921, 'ответствен': 0.02481945247914605, 'плод': 0.0496389049582921, 'ег': 0.0496389049582921, 'мам': 0.0496389049582921}"
13,Санинструктор,"Санита́рный инстру́ктор (сокращённо санинстру́ктор; ВУС – 878659А, состав категории учёта (должность) – сержанты) — лицо младшего медицинского состава военно-медицинской службы, прошедшее специальную военно-медицинскую подготовку (в учебном подразделении), и ответственное за медицинское обеспечение роты или батареи.","{'медицинск': 0.014605016964185666, 'должност': 0.018256271205232082, 'ил': 0.007302508482092833, 'специальн': 0.010953762723139249, 'ктор': 0.054768813615696244, 'подготовк': 0.036512542410464165, 'ответствен': 0.054768813615696244, 'санит': 0.036512542410464165, 'рны': 0.10953762723139249, 'инстр': 0.10953762723139249, 'сокращен': 0.10953762723139249, 'санинстр': 0.10953762723139249, 'вус': 0.10953762723139249, '878659а': 0.10953762723139249, 'соста': 0.054768813615696244, 'категор': 0.10953762723139249, 'учет': 0.10953762723139249, 'сержант': 0.10953762723139249, 'лиц': 0.027384406807848122, 'младш': 0.036512542410464165, 'воен': 0.054768813615696244, 'служб': 0.054768813615696244, 'учебн': 0.10953762723139249, 'подразделен': 0.054768813615696244, 'обеспечен': 0.10953762723139249, 'рот': 0.10953762723139249}","{'медицинск': 0.00797607178464606, 'должност': 0.009970089730807574, 'ил': 0.00398803589232303, 'специальн': 0.005982053838484544, 'ктор': 0.02991026919242272, 'подготовк': 0.019940179461615148, 'ответствен': 0.02991026919242272, 'санит': 0.019940179461615148, 'рны': 0.05982053838484544, 'инстр': 0.05982053838484544, 'сокращен': 0.05982053838484544, 'санинстр': 0.05982053838484544, 'вус': 0.05982053838484544, '878659а': 0.05982053838484544, 'соста': 0.02991026919242272, 'категор': 0.05982053838484544, 'учет': 0.05982053838484544, 'сержант': 0.05982053838484544, 'лиц': 0.01495513459621136, 'младш': 0.019940179461615148, 'воен': 0.02991026919242272, 'служб': 0.02991026919242272, 'учебн': 0.05982053838484544, 'подразделен': 0.02991026919242272, 'обеспечен': 0.05982053838484544, 'рот': 0.05982053838484544}"
14,Врач общей практики,Врач общей практики — специалист в области общей медицины. В России врачом общей практики может быть только специалист с высшим медицинским образованием. Разновидностью врача общей практики является семейный врач. Задачей врача общей практики является оказание первичной врачебной помощи[1][2].,"{'специалист': 0.012170847470154721, 'област': 0.012170847470154721, 'врач': 0.014412845688341117, 'явля': 0.027384406807848122, 'медицинск': 0.0036512542410464164, 'образован': 0.006443389837140734, '1': 0.007302508482092833, 'помощ': 0.018256271205232082, 'росс': 0.027384406807848122, 'быт': 0.054768813615696244, 'медицин': 0.036512542410464165, 'оказан': 0.036512542410464165, 'врачебн': 0.018256271205232082, 'общ': 0.09128135602616042, 'практик': 0.06259292984650999, 'тольк': 0.10953762723139249, 'разновидн': 0.10953762723139249, 'семейн': 0.10953762723139249, 'задач': 0.10953762723139249, 'первичн': 0.10953762723139249, '2': 0.018256271205232082}","{'специалист': 0.012231446448336339, 'област': 0.012231446448336339, 'врач': 0.01448460763618777, 'явля': 0.02752075450875676, 'медицинск': 0.0036694339345009017, 'образован': 0.0064754716491192375, '1': 0.0073388678690018035, 'помощ': 0.018347169672504507, 'росс': 0.02752075450875676, 'быт': 0.05504150901751352, 'медицин': 0.036694339345009014, 'оказан': 0.036694339345009014, 'врачебн': 0.018347169672504507, 'общ': 0.09173584836252255, 'практик': 0.06290458173430116, 'тольк': 0.11008301803502704, 'разновидн': 0.11008301803502704, 'семейн': 0.11008301803502704, 'задач': 0.11008301803502704, 'первичн': 0.11008301803502704, '2': 0.018347169672504507}"
15,Фельдшер,"Фе́льдшер (нем. Feldscher[1]) — специалист со средним специальным медицинским образованием, который имеет право проводить диагностику и устанавливать диагноз, проводить самостоятельное лечение или направлять пациента к врачу-специалисту. Нестроевой средний медицинский чин в Русской Императорской Армии[2].","{'специалист': 0.012170847470154721, 'врач': 0.0028825691376682234, 'медицинск': 0.007302508482092833, 'образован': 0.006443389837140734, 'лечен': 0.012170847470154721, 'пациент': 0.015648232461627498, 'ил': 0.007302508482092833, '1': 0.007302508482092833, 'средн': 0.027384406807848122, 'специальн': 0.010953762723139249, 'котор': 0.018256271205232082, 'диагностик': 0.027384406807848122, '2': 0.018256271205232082, 'фе': 0.10953762723139249, 'льдшер': 0.10953762723139249, 'нем': 0.054768813615696244, 'feldscher': 0.10953762723139249, 'прав': 0.054768813615696244, 'провод': 0.21907525446278497, 'устанавлива': 0.10953762723139249, 'диагноз': 0.10953762723139249, 'самостоятельн': 0.10953762723139249, 'направля': 0.10953762723139249, 'нестроев': 0.10953762723139249, 'чин': 0.10953762723139249, 'русск': 0.10953762723139249, 'императорск': 0.10953762723139249, 'арм': 0.10953762723139249}","{'специалист': 0.006700079150426405, 'врач': 0.0015868608514167802, 'медицинск': 0.004020047490255843, 'образован': 0.003547100726696332, 'лечен': 0.006700079150426405, 'пациент': 0.008614387479119663, 'ил': 0.004020047490255843, '1': 0.004020047490255843, 'средн': 0.015075178088459412, 'специальн': 0.006030071235383764, 'котор': 0.010050118725639608, 'диагностик': 0.015075178088459412, '2': 0.010050118725639608, 'фе': 0.060300712353837646, 'льдшер': 0.060300712353837646, 'нем': 0.030150356176918823, 'feldscher': 0.060300712353837646, 'прав': 0.030150356176918823, 'провод': 0.12060142470767529, 'устанавлива': 0.060300712353837646, 'диагноз': 0.060300712353837646, 'самостоятельн': 0.060300712353837646, 'направля': 0.060300712353837646, 'нестроев': 0.060300712353837646, 'чин': 0.060300712353837646, 'русск': 0.060300712353837646, 'императорск': 0.060300712353837646, 'арм': 0.060300712353837646}"
17,Провизор,"Прови́зор (лат. pro - ""пред"" visor - ""вижу"", предвидящий, заготавливающий) — специалист с высшим фармацевтическим образованием, работающий в сфере производства, хранения и продажи лекарственных препаратов.","{'специалист': 0.0060854237350773605, 'образован': 0.006443389837140734, 'лат': 0.027384406807848122, 'препарат': 0.054768813615696244, 'пров': 0.10953762723139249, 'зор': 0.10953762723139249, 'pro': 0.10953762723139249, 'пред': 0.10953762723139249, 'visor': 0.10953762723139249, 'фармацевтическ': 0.10953762723139249, 'работа': 0.054768813615696244, 'сфер': 0.10953762723139249, 'производств': 0.10953762723139249, 'хранен': 0.10953762723139249, 'продаж': 0.10953762723139249, 'лекарствен': 0.10953762723139249}","{'специалист': 0.004493194132417074, 'образован': 0.004757499669618077, 'лат': 0.02021937359587683, 'препарат': 0.04043874719175366, 'пров': 0.08087749438350732, 'зор': 0.08087749438350732, 'pro': 0.08087749438350732, 'пред': 0.08087749438350732, 'visor': 0.08087749438350732, 'фармацевтическ': 0.08087749438350732, 'работа': 0.04043874719175366, 'сфер': 0.08087749438350732, 'производств': 0.08087749438350732, 'хранен': 0.08087749438350732, 'продаж': 0.08087749438350732, 'лекарствен': 0.08087749438350732}"
18,Сиделка,"Сиделка — профессия, предполагающая уход за больным человеком, инвалидом, престарелым, утратившим возможность к самообслуживанию. Не требует медицинского образования.","{'медицинск': 0.0036512542410464164, 'образован': 0.006443389837140734, 'професс': 0.054768813615696244, 'больн': 0.027384406807848122, 'сиделк': 0.10953762723139249, 'предполага': 0.10953762723139249, 'уход': 0.10953762723139249, 'человек': 0.027384406807848122, 'инвалид': 0.10953762723139249, 'престарел': 0.10953762723139249, 'возможн': 0.10953762723139249, 'самообслуживан': 0.10953762723139249}","{'медицинск': 0.004119214926096438, 'образован': 0.007269202810758419, 'професс': 0.06178822389144657, 'больн': 0.030894111945723286, 'сиделк': 0.12357644778289315, 'предполага': 0.12357644778289315, 'уход': 0.12357644778289315, 'человек': 0.030894111945723286, 'инвалид': 0.12357644778289315, 'престарел': 0.12357644778289315, 'возможн': 0.12357644778289315, 'самообслуживан': 0.12357644778289315}"
19,Врач анестезиолог-реаниматолог,"Врач анестезио́лог-реанимато́лог — специалист с высшим медицинским образованием (врач), занимающийся поддержанием и восстановлением жизненно важных функций организма при угрожающих жизни состояниях.","{'лог': 0.031296464923254996, 'специалист': 0.0060854237350773605, 'врач': 0.005765138275336447, 'медицинск': 0.0036512542410464164, 'образован': 0.006443389837140734, 'занима': 0.013692203403924061, 'жизн': 0.054768813615696244, 'анестез': 0.10953762723139249, 'реанимат': 0.10953762723139249, 'поддержан': 0.054768813615696244, 'восстановлен': 0.10953762723139249, 'жизнен': 0.10953762723139249, 'важн': 0.10953762723139249, 'функц': 0.054768813615696244, 'организм': 0.054768813615696244, 'угрожа': 0.10953762723139249, 'состоян': 0.10953762723139249}","{'лог': 0.029727661335773654, 'специалист': 0.005780378593067099, 'врач': 0.00547614814080041, 'медицинск': 0.0034682271558402595, 'образован': 0.006120400863247517, 'занима': 0.013005851834400972, 'жизн': 0.05202340733760389, 'анестез': 0.10404681467520778, 'реанимат': 0.10404681467520778, 'поддержан': 0.05202340733760389, 'восстановлен': 0.10404681467520778, 'жизнен': 0.10404681467520778, 'важн': 0.10404681467520778, 'функц': 0.05202340733760389, 'организм': 0.05202340733760389, 'угрожа': 0.10404681467520778, 'состоян': 0.10404681467520778}"
20,Парамедик,"Параме́дик (англ. paramedic) — специалист с медицинским образованием, работающий в службе скорой медицинской помощи, аварийно-спасательных и военных подразделениях и обладающий навыками оказания экстренной медицинской помощи на догоспитальном этапе. Термин используется преимущественно в странах с англо-американской моделью экстренной помощи[1]. В зависимости от страны или ее региона, срок обучения лиц, которых называют парамедиками может отличаться и колеблется от нескольких месяцев до 4 лет[1][2].","{'специалист': 0.0060854237350773605, 'медицинск': 0.010953762723139249, 'образован': 0.006443389837140734, 'ил': 0.007302508482092833, '1': 0.014605016964185666, 'помощ': 0.054768813615696244, 'преимуществен': 0.054768813615696244, 'котор': 0.018256271205232082, 'англ': 0.07302508482092833, 'оказан': 0.036512542410464165, 'лиц': 0.027384406807848122, 'воен': 0.027384406807848122, 'служб': 0.054768813615696244, 'подразделен': 0.054768813615696244, '2': 0.018256271205232082, 'работа': 0.054768813615696244, 'дик': 0.10953762723139249, 'paramedic': 0.10953762723139249, 'скор': 0.10953762723139249, 'аварийн': 0.10953762723139249, 'спасательн': 0.10953762723139249, 'облада': 0.10953762723139249, 'навык': 0.054768813615696244, 'экстрен': 0.10953762723139249, 'догоспитальн': 0.10953762723139249, 'этап': 0.10953762723139249, 'термин': 0.10953762723139249, 'стран': 0.07302508482092833, 'американск': 0.10953762723139249, 'модел': 0.10953762723139249, 'зависим': 0.10953762723139249, 'регион': 0.10953762723139249, 'срок': 0.10953762723139249, 'обучен': 0.054768813615696244, 'называ': 0.10953762723139249, 'парамедик': 0.10953762723139249, 'отлича': 0.10953762723139249, 'нескольк': 0.10953762723139249, 'месяц': 0.10953762723139249, '4': 0.054768813615696244}","{'специалист': 0.0020641589159523044, 'медицинск': 0.0037154860487141478, 'образован': 0.002185580028655381, 'ил': 0.0024769906991427655, '1': 0.004953981398285531, 'помощ': 0.01857743024357074, 'преимуществен': 0.01857743024357074, 'котор': 0.006192476747856913, 'англ': 0.024769906991427653, 'оказан': 0.012384953495713827, 'лиц': 0.00928871512178537, 'воен': 0.00928871512178537, 'служб': 0.01857743024357074, 'подразделен': 0.01857743024357074, '2': 0.006192476747856913, 'работа': 0.01857743024357074, 'дик': 0.03715486048714148, 'paramedic': 0.03715486048714148, 'скор': 0.03715486048714148, 'аварийн': 0.03715486048714148, 'спасательн': 0.03715486048714148, 'облада': 0.03715486048714148, 'навык': 0.01857743024357074, 'экстрен': 0.03715486048714148, 'догоспитальн': 0.03715486048714148, 'этап': 0.03715486048714148, 'термин': 0.03715486048714148, 'стран': 0.024769906991427653, 'американск': 0.03715486048714148, 'модел': 0.03715486048714148, 'зависим': 0.03715486048714148, 'регион': 0.03715486048714148, 'срок': 0.03715486048714148, 'обучен': 0.01857743024357074, 'называ': 0.03715486048714148, 'парамедик': 0.03715486048714148, 'отлича': 0.03715486048714148, 'нескольк': 0.03715486048714148, 'месяц': 0.03715486048714148, '4': 0.01857743024357074}"
21,Эндокринолог,"Эндокрино́лог —  врач, получивший специализацию по вопросам диагностики, профилактики и лечения патологии эндокринной системы в интернатуре, ординатуре или на кафедре института последипломного образования врачей.","{'лог': 0.015648232461627498, 'врач': 0.005765138275336447, 'образован': 0.006443389837140734, 'лечен': 0.012170847470154721, 'вопрос': 0.036512542410464165, 'ил': 0.007302508482092833, 'диагностик': 0.027384406807848122, 'профилактик': 0.054768813615696244, 'патолог': 0.054768813615696244, 'эндокрин': 0.10953762723139249, 'специализац': 0.054768813615696244, 'систем': 0.036512542410464165, 'интернатур': 0.10953762723139249, 'ординатур': 0.10953762723139249, 'кафедр': 0.10953762723139249, 'институт': 0.10953762723139249, 'последипломн': 0.10953762723139249}","{'лог': 0.01614431809693644, 'врач': 0.005947906667292373, 'образован': 0.00664766039285618, 'лечен': 0.012556691853172786, 'вопрос': 0.03767007555951836, 'ил': 0.007534015111903672, 'диагностик': 0.02825255666963877, 'профилактик': 0.05650511333927754, 'патолог': 0.05650511333927754, 'эндокрин': 0.11301022667855508, 'специализац': 0.05650511333927754, 'систем': 0.03767007555951836, 'интернатур': 0.11301022667855508, 'ординатур': 0.11301022667855508, 'кафедр': 0.11301022667855508, 'институт': 0.11301022667855508, 'последипломн': 0.11301022667855508}"
22,Судебный медик,"Судебный медик — квалифицированный эксперт в области судебной медицины, в чьи обязанности входит расследование случаев смертей и травм, происходящих при необычных или подозрительных обстоятельствах, выполнение посмертной экспертизы. В некоторых государствах имеет право инициировать дознание.[1]","{'област': 0.012170847470154721, 'эксперт': 0.054768813615696244, 'ил': 0.007302508482092833, '1': 0.007302508482092833, 'медик': 0.018256271205232082, 'обязан': 0.027384406807848122, 'медицин': 0.036512542410464165, 'травм': 0.036512542410464165, 'вход': 0.036512542410464165, 'случа': 0.036512542410464165, 'смерт': 0.054768813615696244, 'прав': 0.054768813615696244, 'судебн': 0.054768813615696244, 'квалифицирова': 0.10953762723139249, 'расследован': 0.10953762723139249, 'необычн': 0.10953762723139249, 'подозрительн': 0.10953762723139249, 'обстоятельств': 0.10953762723139249, 'выполнен': 0.10953762723139249, 'посмертн': 0.10953762723139249, 'экспертиз': 0.036512542410464165, 'некотор': 0.10953762723139249, 'государств': 0.10953762723139249, 'инициирова': 0.10953762723139249, 'дознан': 0.10953762723139249}","{'област': 0.007249003262051466, 'эксперт': 0.0326205146792316, 'ил': 0.00434940195723088, '1': 0.00434940195723088, 'медик': 0.0108735048930772, 'обязан': 0.0163102573396158, 'медицин': 0.0217470097861544, 'травм': 0.0217470097861544, 'вход': 0.0217470097861544, 'случа': 0.0217470097861544, 'смерт': 0.0326205146792316, 'прав': 0.0326205146792316, 'судебн': 0.0326205146792316, 'квалифицирова': 0.0652410293584632, 'расследован': 0.0652410293584632, 'необычн': 0.0652410293584632, 'подозрительн': 0.0652410293584632, 'обстоятельств': 0.0652410293584632, 'выполнен': 0.0652410293584632, 'посмертн': 0.0652410293584632, 'экспертиз': 0.0217470097861544, 'некотор': 0.0652410293584632, 'государств': 0.0652410293584632, 'инициирова': 0.0652410293584632, 'дознан': 0.0652410293584632}"
23,Аптекарь,"Апте́карь (нем. Apotheker) — специалист в области лекарств, современное название — фармацевт.","{'специалист': 0.0060854237350773605, 'област': 0.012170847470154721, 'кар': 0.054768813615696244, 'назван': 0.054768813615696244, 'современ': 0.054768813615696244, 'нем': 0.054768813615696244, 'апт': 0.10953762723139249, 'apotheker': 0.10953762723139249, 'лекарств': 0.10953762723139249, 'фармацевт': 0.10953762723139249}","{'специалист': 0.009009009009009009, 'област': 0.018018018018018018, 'кар': 0.08108108108108109, 'назван': 0.08108108108108109, 'современ': 0.08108108108108109, 'нем': 0.08108108108108109, 'апт': 0.16216216216216217, 'apotheker': 0.16216216216216217, 'лекарств': 0.16216216216216217, 'фармацевт': 0.16216216216216217}"
24,Невролог,"Невро́лог (до 1980-х гг. — невропато́лог[1]) — врач, получивший высшее медицинское образование и прошедший специализацию по специальности неврология. Невролог занимается диагностикой и лечением болезней, связанных с нервной системой. Это заболевания центральной (головной и спинной мозг) и периферической нервной системы (нервные волокна). Например: опухоли головного и спинного мозга, невриты, невралгии, инсульты и другие нарушения кровообращения головного мозга, энцефалиты, приступы эпилепсии. Многие из этих заболеваний сопровождаются изменением поведения и психического функционирования, тогда к лечению таких пациентов привлекаются психиатры и иногда психотерапевты.","{'лог': 0.031296464923254996, 'врач': 0.0028825691376682234, 'медицинск': 0.0036512542410464164, 'образован': 0.006443389837140734, 'занима': 0.013692203403924061, 'лечен': 0.024341694940309442, 'пациент': 0.015648232461627498, '1': 0.007302508482092833, 'специальн': 0.010953762723139249, 'психиатр': 0.036512542410464165, 'психическ': 0.054768813615696244, 'болезн': 0.054768813615696244, 'диагностик': 0.027384406807848122, 'заболеван': 0.036512542410464165, 'эт': 0.07302508482092833, 'нарушен': 0.054768813615696244, 'головн': 0.08215322042354437, 'мозг': 0.08215322042354437, 'иногд': 0.054768813615696244, 'друг': 0.054768813615696244, 'специализац': 0.054768813615696244, 'систем': 0.07302508482092833, 'невр': 0.054768813615696244, '1980': 0.10953762723139249, 'х': 0.10953762723139249, 'гг': 0.10953762723139249, 'невропат': 0.10953762723139249, 'невролог': 0.10953762723139249, 'нервн': 0.10953762723139249, 'центральн': 0.10953762723139249, 'спин': 0.10953762723139249, 'периферическ': 0.10953762723139249, 'волокн': 0.10953762723139249, 'например': 0.054768813615696244, 'опухол': 0.10953762723139249, 'невралг': 0.10953762723139249, 'инсульт': 0.10953762723139249, 'кровообращен': 0.10953762723139249, 'приступ': 0.10953762723139249, 'эпилепс': 0.10953762723139249, 'мног': 0.054768813615696244, 'сопровожда': 0.10953762723139249, 'изменен': 0.10953762723139249, 'поведен': 0.10953762723139249, 'функционирован': 0.10953762723139249, 'тогд': 0.10953762723139249, 'привлека': 0.10953762723139249, 'психотерапевт': 0.10953762723139249}","{'лог': 0.008842650442263695, 'врач': 0.000814454645997972, 'медицинск': 0.001031642551597431, 'образован': 0.0018205456792895842, 'занима': 0.0038686595684903667, 'лечен': 0.006877617010649541, 'пациент': 0.0044213252211318475, '1': 0.002063285103194862, 'специальн': 0.0030949276547922932, 'психиатр': 0.01031642551597431, 'психическ': 0.015474638273961467, 'болезн': 0.015474638273961467, 'диагностик': 0.0077373191369807335, 'заболеван': 0.01031642551597431, 'эт': 0.02063285103194862, 'нарушен': 0.015474638273961467, 'головн': 0.0232119574109422, 'мозг': 0.0232119574109422, 'иногд': 0.015474638273961467, 'друг': 0.015474638273961467, 'специализац': 0.015474638273961467, 'систем': 0.02063285103194862, 'невр': 0.015474638273961467, '1980': 0.030949276547922934, 'х': 0.030949276547922934, 'гг': 0.030949276547922934, 'невропат': 0.030949276547922934, 'невролог': 0.030949276547922934, 'нервн': 0.030949276547922934, 'центральн': 0.030949276547922934, 'спин': 0.030949276547922934, 'периферическ': 0.030949276547922934, 'волокн': 0.030949276547922934, 'например': 0.015474638273961467, 'опухол': 0.030949276547922934, 'невралг': 0.030949276547922934, 'инсульт': 0.030949276547922934, 'кровообращен': 0.030949276547922934, 'приступ': 0.030949276547922934, 'эпилепс': 0.030949276547922934, 'мног': 0.015474638273961467, 'сопровожда': 0.030949276547922934, 'изменен': 0.030949276547922934, 'поведен': 0.030949276547922934, 'функционирован': 0.030949276547922934, 'тогд': 0.030949276547922934, 'привлека': 0.030949276547922934, 'психотерапевт': 0.030949276547922934}"
25,Врачебная практика,Врачебная практика (общая врачебная практика) — действия врача по проведению лечебных мероприятий и процедур.,"{'врач': 0.0028825691376682234, 'действ': 0.054768813615696244, 'врачебн': 0.036512542410464165, 'общ': 0.018256271205232082, 'практик': 0.031296464923254996, 'проведен': 0.10953762723139249, 'лечебн': 0.036512542410464165, 'мероприят': 0.10953762723139249, 'процедур': 0.10953762723139249}","{'врач': 0.0056649581872133805, 'действ': 0.10763420555705423, 'врачебн': 0.07175613703803616, 'общ': 0.03587806851901808, 'практик': 0.0615052603183167, 'проведен': 0.21526841111410847, 'лечебн': 0.07175613703803616, 'мероприят': 0.21526841111410847, 'процедур': 0.21526841111410847}"
28,Санитар,"Санита́р (в женском роде санита́рка[1]) — младший медицинский работник (лицо низшего медицинского персонала[2]), выполняющий вспомогательные функции в медицинской практике, ранее человек ухаживающий за больными и ранеными на войне[3].","{'медицинск': 0.010953762723139249, '1': 0.007302508482092833, 'рка': 0.054768813615696244, 'род': 0.027384406807848122, 'работник': 0.036512542410464165, 'больн': 0.027384406807848122, 'р': 0.054768813615696244, 'санит': 0.07302508482092833, 'лиц': 0.027384406807848122, 'младш': 0.036512542410464165, 'практик': 0.015648232461627498, '2': 0.018256271205232082, 'человек': 0.027384406807848122, 'функц': 0.054768813615696244, '3': 0.036512542410464165, 'женск': 0.10953762723139249, 'персона': 0.054768813615696244, 'выполня': 0.10953762723139249, 'вспомогательн': 0.10953762723139249, 'ран': 0.10953762723139249, 'ухажива': 0.10953762723139249, 'ранен': 0.10953762723139249, 'войн': 0.10953762723139249}","{'медицинск': 0.008235294117647056, '1': 0.005490196078431372, 'рка': 0.04117647058823529, 'род': 0.020588235294117643, 'работник': 0.02745098039215686, 'больн': 0.020588235294117643, 'р': 0.04117647058823529, 'санит': 0.05490196078431372, 'лиц': 0.020588235294117643, 'младш': 0.02745098039215686, 'практик': 0.011764705882352938, '2': 0.01372549019607843, 'человек': 0.020588235294117643, 'функц': 0.04117647058823529, '3': 0.02745098039215686, 'женск': 0.08235294117647057, 'персона': 0.04117647058823529, 'выполня': 0.08235294117647057, 'вспомогательн': 0.08235294117647057, 'ран': 0.08235294117647057, 'ухажива': 0.08235294117647057, 'ранен': 0.08235294117647057, 'войн': 0.08235294117647057}"
29,Медицинская сестра,"Медици́нская сестра́ (медсестра́)[1] — специалист со средним специальным медицинским образованием в области сестринского дела. Медицинская сестра относится к среднему медицинскому персоналу, является младшим специалистом (это указано в дипломе медсестры) по отношению к специалисту — врачу.","{'специалист': 0.018256271205232082, 'област': 0.012170847470154721, 'врач': 0.0028825691376682234, 'явля': 0.013692203403924061, 'медицинск': 0.010953762723139249, 'образован': 0.006443389837140734, '1': 0.007302508482092833, 'средн': 0.027384406807848122, 'специальн': 0.010953762723139249, 'дел': 0.036512542410464165, 'эт': 0.036512542410464165, 'младш': 0.036512542410464165, 'медиц': 0.036512542410464165, 'нска': 0.10953762723139249, 'сестр': 0.10953762723139249, 'медсестр': 0.10953762723139249, 'сестринск': 0.10953762723139249, 'относ': 0.10953762723139249, 'отношен': 0.10953762723139249}","{'специалист': 0.019989005015816894, 'област': 0.013326003343877929, 'врач': 0.0031561586867079306, 'явля': 0.01499175376186267, 'медицинск': 0.011993403009490136, 'образован': 0.007054942946758903, '1': 0.007995602006326758, 'средн': 0.02998350752372534, 'специальн': 0.011993403009490136, 'дел': 0.03997801003163379, 'эт': 0.03997801003163379, 'младш': 0.03997801003163379, 'медиц': 0.03997801003163379, 'нска': 0.11993403009490136, 'сестр': 0.11993403009490136, 'медсестр': 0.11993403009490136, 'сестринск': 0.11993403009490136, 'относ': 0.11993403009490136, 'отношен': 0.11993403009490136}"
30,Судебно-медицинский эксперт,"Суде́бно-медици́нский экспе́рт — врач, занимающий штатную должность в учреждениях судебно-медицинской экспертизы, прошедший обучение по специальности судебно-медицинская экспертиза и имеющий сертификат специалиста в данной области.","{'специалист': 0.0060854237350773605, 'област': 0.012170847470154721, 'врач': 0.0028825691376682234, 'медицинск': 0.007302508482092833, 'занима': 0.013692203403924061, 'должност': 0.018256271205232082, 'специальн': 0.010953762723139249, 'обучен': 0.054768813615696244, 'судебн': 0.054768813615696244, 'экспертиз': 0.07302508482092833, 'медиц': 0.036512542410464165, 'суд': 0.10953762723139249, 'бно': 0.10953762723139249, 'нски': 0.054768813615696244, 'эксп': 0.10953762723139249, 'рт': 0.10953762723139249, 'штатн': 0.10953762723139249, 'учрежден': 0.036512542410464165, 'сертификат': 0.10953762723139249, 'дан': 0.10953762723139249}","{'специалист': 0.005298752004462107, 'област': 0.010597504008924214, 'врач': 0.002509935160008367, 'медицинск': 0.00635850240535453, 'занима': 0.011922192010039741, 'должност': 0.015896256013386324, 'специальн': 0.009537753608031793, 'обучен': 0.047688768040158966, 'судебн': 0.047688768040158966, 'экспертиз': 0.0635850240535453, 'медиц': 0.03179251202677265, 'суд': 0.09537753608031793, 'бно': 0.09537753608031793, 'нски': 0.047688768040158966, 'эксп': 0.09537753608031793, 'рт': 0.09537753608031793, 'штатн': 0.09537753608031793, 'учрежден': 0.03179251202677265, 'сертификат': 0.09537753608031793, 'дан': 0.09537753608031793}"
31,Врач,"Врач — человек, использующий свои навыки, знания и опыт в предупреждении и лечении заболеваний, поддержании нормальной жизнедеятельности организма человека. Во многих странах мира требуется разрешение местных органов власти на деятельность врача, либо соответствующая квалификация, незаконная же деятельность влечёт наказание. В России например, незаконная врачебная деятельность является уголовно наказуемым деянием, в случае если таковая стала причиной существенного вреда.[1] Врач — доктор, медик, также  лицо, получившее высшее медицинское образование по соответствующей специальности (кроме зубных врачей, имеющих средне-специальное медицинское образование (не путайте со стоматологами))[2][3][4][5].","{'соответств': 0.021907525446278497, 'врач': 0.011530276550672893, 'явля': 0.013692203403924061, 'медицинск': 0.007302508482092833, 'образован': 0.012886779674281468, 'лечен': 0.012170847470154721, 'такж': 0.021907525446278497, 'либ': 0.054768813615696244, '1': 0.007302508482092833, 'средн': 0.013692203403924061, 'росс': 0.027384406807848122, 'специальн': 0.021907525446278497, 'медик': 0.018256271205232082, 'квалификац': 0.054768813615696244, 'пута': 0.036512542410464165, 'заболеван': 0.018256271205232082, 'зубн': 0.015648232461627498, 'стоматолог': 0.027384406807848122, 'случа': 0.036512542410464165, 'доктор': 0.027384406807848122, 'врачебн': 0.018256271205232082, 'лиц': 0.027384406807848122, '2': 0.018256271205232082, 'человек': 0.054768813615696244, 'поддержан': 0.054768813615696244, 'организм': 0.054768813615696244, 'навык': 0.054768813615696244, 'стран': 0.036512542410464165, '4': 0.054768813615696244, 'например': 0.054768813615696244, 'мног': 0.054768813615696244, '3': 0.036512542410464165, 'сво': 0.10953762723139249, 'знан': 0.10953762723139249, 'оп': 0.10953762723139249, 'предупрежден': 0.10953762723139249, 'нормальн': 0.10953762723139249, 'жизнедеятельн': 0.10953762723139249, 'мир': 0.10953762723139249, 'разрешен': 0.10953762723139249, 'местн': 0.10953762723139249, 'власт': 0.10953762723139249, 'деятельн': 0.10953762723139249, 'незакон': 0.10953762723139249, 'наказан': 0.10953762723139249, 'уголовн': 0.10953762723139249, 'наказуем': 0.10953762723139249, 'деян': 0.10953762723139249, 'есл': 0.10953762723139249, 'таков': 0.10953762723139249, 'причин': 0.10953762723139249, 'существен': 0.10953762723139249, 'вред': 0.10953762723139249, 'кром': 0.10953762723139249, '5': 0.10953762723139249}","{'соответств': 0.0062577808065353464, 'врач': 0.003293568845544919, 'явля': 0.003911113004084591, 'медицинск': 0.0020859269355117823, 'образован': 0.0036810475332560858, 'лечен': 0.0034765448925196366, 'такж': 0.0062577808065353464, 'либ': 0.015644452016338364, '1': 0.0020859269355117823, 'средн': 0.003911113004084591, 'росс': 0.007822226008169182, 'специальн': 0.0062577808065353464, 'медик': 0.005214817338779455, 'квалификац': 0.015644452016338364, 'пута': 0.01042963467755891, 'заболеван': 0.005214817338779455, 'зубн': 0.004469843433239533, 'стоматолог': 0.007822226008169182, 'случа': 0.01042963467755891, 'доктор': 0.007822226008169182, 'врачебн': 0.005214817338779455, 'лиц': 0.007822226008169182, '2': 0.005214817338779455, 'человек': 0.015644452016338364, 'поддержан': 0.015644452016338364, 'организм': 0.015644452016338364, 'навык': 0.015644452016338364, 'стран': 0.01042963467755891, '4': 0.015644452016338364, 'например': 0.015644452016338364, 'мног': 0.015644452016338364, '3': 0.01042963467755891, 'сво': 0.03128890403267673, 'знан': 0.03128890403267673, 'оп': 0.03128890403267673, 'предупрежден': 0.03128890403267673, 'нормальн': 0.03128890403267673, 'жизнедеятельн': 0.03128890403267673, 'мир': 0.03128890403267673, 'разрешен': 0.03128890403267673, 'местн': 0.03128890403267673, 'власт': 0.03128890403267673, 'деятельн': 0.03128890403267673, 'незакон': 0.03128890403267673, 'наказан': 0.03128890403267673, 'уголовн': 0.03128890403267673, 'наказуем': 0.03128890403267673, 'деян': 0.03128890403267673, 'есл': 0.03128890403267673, 'таков': 0.03128890403267673, 'причин': 0.03128890403267673, 'существен': 0.03128890403267673, 'вред': 0.03128890403267673, 'кром': 0.03128890403267673, '5': 0.03128890403267673}"
32,Врач-ординатор,"Ордина́тор (от лат. Ordinator — приводящий в порядок, распорядитель), врач, занимающий должность в лечебно-профилактическом учреждении, заведующий палатами или отделением и занимающийся лечебной и профилактической работой.","{'врач': 0.0028825691376682234, 'занима': 0.027384406807848122, 'должност': 0.018256271205232082, 'ил': 0.007302508482092833, 'работ': 0.036512542410464165, 'тор': 0.054768813615696244, 'лат': 0.027384406807848122, 'лечебн': 0.07302508482092833, 'учрежден': 0.036512542410464165, 'ордин': 0.10953762723139249, 'ordinator': 0.10953762723139249, 'порядок': 0.10953762723139249, 'распорядител': 0.10953762723139249, 'профилактическ': 0.10953762723139249, 'завед': 0.10953762723139249, 'палат': 0.10953762723139249, 'отделен': 0.10953762723139249}","{'врач': 0.002484266313348791, 'занима': 0.023600529976813514, 'должност': 0.01573368665120901, 'ил': 0.006293474660483605, 'работ': 0.03146737330241802, 'тор': 0.04720105995362703, 'лат': 0.023600529976813514, 'лечебн': 0.06293474660483604, 'учрежден': 0.03146737330241802, 'ордин': 0.09440211990725406, 'ordinator': 0.09440211990725406, 'порядок': 0.09440211990725406, 'распорядител': 0.09440211990725406, 'профилактическ': 0.09440211990725406, 'завед': 0.09440211990725406, 'палат': 0.09440211990725406, 'отделен': 0.09440211990725406}"
